File,Top Peak Frequency (Hz),Number of Peaks,Mean Power,Std Power,Frequency Centroid
"MATLAB 1-10 PM Thu, Aug 22, 2024 Run4 .csv",583.3000000000001,1022,0.9912969596142206,1.0810194005244251,2823.8066513173817
