File,Top Peak Frequency (Hz),Number of Peaks,Mean Power,Std Power,Frequency Centroid,Spectral Entropy
"MATLAB 4-00 PM Mon, Aug 26, 2024 Run5 .csv",667.9000000015566,1135,5.3971218565542936,6.0900776050725804,2643.3911553502166,5.191759254385233
