File,Top Peak Frequency (Hz),Number of Peaks,Mean Power,Std Power,Frequency Centroid,Spectral Entropy
"MATLAB 3-03 PM Thu, Oct 10, 2024 Run0 .csv",660.3000000015388,27,0.029774640278472108,0.025258101816406208,2735.471678878847,5.7113352061950575
