File,Top Peak Frequency (Hz),Number of Peaks,Mean Power,Std Power,Frequency Centroid,Spectral Entropy
"MATLAB 12-04 PM Thu, Nov 7, 2024 Run0 .csv",1182.6000000027561,2893,2.452182558581798,2.952164807341219,2658.1527500534135,5.101448850361335
