File,Top Peak Frequency (Hz),Number of Peaks,Mean Power,Std Power,Frequency Centroid,Spectral Entropy
"MATLAB 2-03 PM Tue, Oct 8, 2024 Run0 .csv",3658.900000008527,1661,0.08177638635260474,0.06764991179799565,2797.1561796466262,5.364336807557047
