File,Top Peak Frequency (Hz),Number of Peaks,Mean Power,Std Power,Frequency Centroid,Spectral Entropy
"MATLAB 2-59 PM Thu, Oct 17, 2024 Run1 .csv",1380.8000000032182,41,0.031020921106851354,0.03541843724122679,2476.0373765076274,5.367042434616691
