File,Top Peak Frequency (Hz),Number of Peaks,Mean Power,Std Power,Frequency Centroid,Spectral Entropy
"MATLAB 5-05 PM Thu, Oct 10, 2024 Run14.csv",1257.8000000029313,630,1.1411085142840605,1.397475838404364,2871.001372901429,5.139378536453751
