File,Top Peak Frequency (Hz),Number of Peaks,Mean Power,Std Power,Frequency Centroid,Spectral Entropy
"MATLAB 3-13 PM Mon, Oct 28, 2024 Run16 .csv",766.0000000017852,1342,1.0528952089742982,1.2537390069307124,2699.2901232004997,5.119126946849372
