File,Top Peak Frequency (Hz),Number of Peaks,Mean Power,Std Power,Frequency Centroid,Spectral Entropy
"MATLAB 2-46 PM Wed, Sep 18, 2024 Run4 .csv",712.0000000016594,4646,0.35174474303914455,0.33173579287864446,2965.106196280604,5.246375128816881
