File,Top Peak Frequency (Hz),Number of Peaks,Mean Power,Std Power,Frequency Centroid,Spectral Entropy
"MATLAB 3-59 PM Tue, Oct 1, 2024 Run3 .csv",759.0000000017689,3276,0.5637032447221121,0.5298370208536602,2655.8006759700306,5.259785366729001
