File,Top Peak Frequency (Hz),Number of Peaks,Mean Power,Std Power,Frequency Centroid,Spectral Entropy
"MATLAB 3-13 PM Tue, Oct 15, 2024 Run8 .csv",533.9000000012443,41,3.5940937474522534,5.646832208586358,2499.4240281015113,4.20180177899312
