File,Top Peak Frequency (Hz),Number of Peaks,Mean Power,Std Power,Frequency Centroid,Spectral Entropy
"MATLAB 1-59 PM Tue, Oct 29, 2024 Run16 .csv",729.5000000017002,1537,3.1455661021750396,3.9359818829386137,2563.481449008549,5.033556548543777
