File,Top Peak Frequency (Hz),Number of Peaks,Mean Power,Std Power,Frequency Centroid,Spectral Entropy
"MATLAB 4-34 PM Tue, Oct 1, 2024 Run5 .csv",782.6000000018239,3127,0.6125198772891038,0.695589650049055,2782.409657151202,5.290649868179364
