File,Top Peak Frequency (Hz),Number of Peaks,Mean Power,Std Power,Frequency Centroid,Spectral Entropy
"MATLAB 2-52 PM Tue, Oct 15, 2024 Run4 .csv",483.4500000011267,12,0.2689260091232541,0.478459371569689,2388.6683600850793,3.544124675571847
