File,Top Peak Frequency (Hz),Number of Peaks,Mean Power,Std Power,Frequency Centroid,Spectral Entropy
"MATLAB 2-23 PM Thu, Oct 31, 2024 Run10 .csv",1248.3000000029092,446,4.105740311289571,5.083106465040808,2770.1274273440667,5.022766902994041
