File,Top Peak Frequency (Hz),Number of Peaks,Mean Power,Std Power,Frequency Centroid,Spectral Entropy
"MATLAB 3-11 PM Tue, Oct 22, 2024 Run18 .csv",643.0000000014985,601,0.34624921149219556,0.47604898494896336,2687.4620652002573,4.497773372932725
