File,Top Peak Frequency (Hz),Number of Peaks,Mean Power,Std Power,Frequency Centroid,Spectral Entropy
"MATLAB 1-23 PM Tue, Sep 10, 2024 Run15 .csv",767.2500000017881,2888,1.249715453698945,1.4096197394159442,2796.8335289402876,5.284386417079872
